{
  "project_info": {
    "project_number": "500797926306",
    "project_id": "herfatek-73348",
    "storage_bucket": "herfatek-73348.appspot.com"
  },
  "client": [
    {
      "client_info": {
        "mobilesdk_app_id": "1:500797926306:android:ca2823f8db4a5b99e5e0fb",
        "android_client_info": {
          "package_name": "com.example.herfatek"
        }
      },
      "oauth_client": [
        {
          "client_id": "500797926306-031hlmiitctvp9lvqukk4417tikm40nv.apps.googleusercontent.com",
          "client_type": 3
        }
      ],
      "api_key": [
        {
          "current_key": "AIzaSyANhkxWYerUCUupRzK4gRu9Stfse4MJoDs"
        }
      ],
      "services": {
        "appinvite_service": {
          "other_platform_oauth_client": [
            {
              "client_id": "500797926306-031hlmiitctvp9lvqukk4417tikm40nv.apps.googleusercontent.com",
              "client_type": 3
            },
            {
              "client_id": "500797926306-4gsea6dhjjh118349dkl0srk5ek5qte8.apps.googleusercontent.com",
              "client_type": 2,
              "ios_info": {
                "bundle_id": "com.example.herfatek"
              }
            }
          ]
        }
      }
    }
  ],
  "configuration_version": "1"
}